id;name;specification;description
1;approach leverage Wooden;Fantastic Concrete Tuna panel Naira;Administrator
2;Port Mississippi;Associate markets;Refined Soft Table Future
3;black mobile;efficient Creek;Total
4;Credit Card Account;XML Oklahoma Branding;ivory hacking
5;Supervisor;Unbranded Fresh Chips Dominican Peso;input
6;Cotton;Tactics Vermont;Lead Stand-alone
7;calculate definition Metal;Cambridgeshire Lempira;Buckinghamshire
8;feed quantify;Bangladesh;Home withdrawal schemas
9;HTTP indexing;Ergonomic;withdrawal Rest Squares
10;green Money Market Account withdrawal;Shoes mindshare Specialist;Organized
